﻿{
"gamebgm.1song" : {
    "sounds" : [
      {
        "name" : "gamebgm/1song"
      }
    ],
    "subtitle" : "subtitle"
  },
"gamebgm.2song" : {
    "sounds" : [
      {
        "name" : "gamebgm/2song"
      }
    ],
    "subtitle" : "subtitle"
  },
"gamebgm.3song" : {
    "sounds" : [
      {
        "name" : "gamebgm/3song"
      }
    ],
    "subtitle" : "subtitle"
  },
"gamebgm.4song" : {
    "sounds" : [
      {
        "name" : "gamebgm/4song"
      }
    ],
    "subtitle" : "subtitle"
  },
"gamebgm.5song" : {
    "sounds" : [
      {
        "name" : "gamebgm/5song"
      }
    ],
    "subtitle" : "subtitle"
  },
"gamebgm.6song" : {
    "sounds" : [
      {
        "name" : "gamebgm/6song"
      }
    ],
    "subtitle" : "subtitle"
  },
"gamebgm.7song" : {
    "sounds" : [
      {
        "name" : "gamebgm/7song"
      }
    ],
    "subtitle" : "subtitle"
  },
"gamebgm.8song" : {
    "sounds" : [
      {
        "name" : "gamebgm/8song"
      }
    ],
    "subtitle" : "subtitle"
  },
"gamebgm.9song" : {
    "sounds" : [
      {
        "name" : "gamebgm/9song"
      }
    ],
    "subtitle" : "subtitle"
  },
"gamebgm.10song" : {
    "sounds" : [
      {
        "name" : "gamebgm/10song"
      }
    ],
    "subtitle" : "subtitle"
  },
"gamebgm.11song" : {
    "sounds" : [
      {
        "name" : "gamebgm/11song"
      }
    ],
    "subtitle" : "subtitle"
  },
"gamebgm.12song" : {
    "sounds" : [
      {
        "name" : "gamebgm/12song"
      }
    ],
    "subtitle" : "subtitle"
  },
"gamebgm.13song" : {
    "sounds" : [
      {
        "name" : "gamebgm/13song"
      }
    ],
    "subtitle" : "subtitle"
  },
"gamebgm.14song" : {
    "sounds" : [
      {
        "name" : "gamebgm/14song"
      }
    ],
    "subtitle" : "subtitle"
  },
"gamebgm.15song" : {
    "sounds" : [
      {
        "name" : "gamebgm/15song"
      }
    ],
    "subtitle" : "subtitle"
  },
"gamebgm.16song" : {
    "sounds" : [
      {
        "name" : "gamebgm/16song"
      }
    ],
    "subtitle" : "subtitle"
  },
"gamebgm.17song" : {
    "sounds" : [
      {
        "name" : "gamebgm/17song"
      }
    ],
    "subtitle" : "subtitle"
  },
"gamebgm.18song" : {
    "sounds" : [
      {
        "name" : "gamebgm/18song"
      }
    ],
    "subtitle" : "subtitle"
  },
"gamebgm.19song" : {
    "sounds" : [
      {
        "name" : "gamebgm/19song"
      }
    ],
    "subtitle" : "subtitle"
  },
"gamebgm.20song" : {
    "sounds" : [
      {
        "name" : "gamebgm/20song"
      }
    ],
    "subtitle" : "subtitle"
  },
"gamebgm.21song" : {
    "sounds" : [
      {
        "name" : "gamebgm/21song"
      }
    ],
    "subtitle" : "subtitle"
  },
"gamebgm.22song" : {
    "sounds" : [
      {
        "name" : "gamebgm/22song"
      }
    ],
    "subtitle" : "subtitle"
  },
"gamebgm.23song" : {
    "sounds" : [
      {
        "name" : "gamebgm/23song"
      }
    ],
    "subtitle" : "subtitle"
  },
"gamebgm.24song" : {
    "sounds" : [
      {
        "name" : "gamebgm/24song"
      }
    ],
    "subtitle" : "subtitle"
  },
"gamebgm.25song" : {
    "sounds" : [
      {
        "name" : "gamebgm/25song"
      }
    ],
    "subtitle" : "subtitle"
  },
"gamebgm.26song" : {
    "sounds" : [
      {
        "name" : "gamebgm/26song"
      }
    ],
    "subtitle" : "subtitle"
  },
"gamebgm.27song" : {
    "sounds" : [
      {
        "name" : "gamebgm/27song"
      }
    ],
    "subtitle" : "subtitle"
  },
"gamebgm.28song" : {
    "sounds" : [
      {
        "name" : "gamebgm/28song"
      }
    ],
    "subtitle" : "subtitle"
  },
"gamebgm.29song" : {
    "sounds" : [
      {
        "name" : "gamebgm/29song"
      }
    ],
    "subtitle" : "subtitle"
  },
"gamebgm.30song" : {
    "sounds" : [
      {
        "name" : "gamebgm/30song"
      }
    ],
    "subtitle" : "subtitle"
  },
"gamebgm.31song" : {
    "sounds" : [
      {
        "name" : "gamebgm/31song"
      }
    ],
    "subtitle" : "subtitle"
  },
"gamebgm.32song" : {
    "sounds" : [
      {
        "name" : "gamebgm/32song"
      }
    ],
    "subtitle" : "subtitle"
  },
"gamebgm.33song" : {
    "sounds" : [
      {
        "name" : "gamebgm/33song"
      }
    ],
    "subtitle" : "subtitle"
  },
"gamebgm.34song" : {
    "sounds" : [
      {
        "name" : "gamebgm/34song"
      }
    ],
    "subtitle" : "subtitle"
  },
"gamebgm.35song" : {
    "sounds" : [
      {
        "name" : "gamebgm/35song"
      }
    ],
    "subtitle" : "subtitle"
  },
"gamebgm.36song" : {
    "sounds" : [
      {
        "name" : "gamebgm/36song"
      }
    ],
    "subtitle" : "subtitle"
  },
"gamebgm.37song" : {
    "sounds" : [
      {
        "name" : "gamebgm/37song"
      }
    ],
    "subtitle" : "subtitle"
  },
"gamebgm.38song" : {
    "sounds" : [
      {
        "name" : "gamebgm/38song"
      }
    ],
    "subtitle" : "subtitle"
  },
"gamebgm.39song" : {
    "sounds" : [
      {
        "name" : "gamebgm/39song"
      }
    ],
    "subtitle" : "subtitle"
  },
"gamebgm.40song" : {
    "sounds" : [
      {
        "name" : "gamebgm/40song"
      }
    ],
    "subtitle" : "subtitle"
  },
"gamebgm.41song" : {
    "sounds" : [
      {
        "name" : "gamebgm/41song"
      }
    ],
    "subtitle" : "subtitle"
  },
"gamebgm.42song" : {
    "sounds" : [
      {
        "name" : "gamebgm/42song"
      }
    ],
    "subtitle" : "subtitle"
  },
"gamebgm.43song" : {
    "sounds" : [
      {
        "name" : "gamebgm/43song"
      }
    ],
    "subtitle" : "subtitle"
  },
"gamebgm.44song" : {
    "sounds" : [
      {
        "name" : "gamebgm/44song"
      }
    ],
    "subtitle" : "subtitle"
  },
"gamebgm.45song" : {
    "sounds" : [
      {
        "name" : "gamebgm/45song"
      }
    ],
    "subtitle" : "subtitle"
  },
"gamebgm.46song" : {
    "sounds" : [
      {
        "name" : "gamebgm/46song"
      }
    ],
    "subtitle" : "subtitle"
  },
"gamebgm.47song" : {
    "sounds" : [
      {
        "name" : "gamebgm/47song"
      }
    ],
    "subtitle" : "subtitle"
  },
"gamebgm.48song" : {
    "sounds" : [
      {
        "name" : "gamebgm/48song"
      }
    ],
    "subtitle" : "subtitle"
  },
"gamebgm.49song" : {
    "sounds" : [
      {
        "name" : "gamebgm/49song"
      }
    ],
    "subtitle" : "subtitle"
  },
"gamebgm.50song" : {
    "sounds" : [
      {
        "name" : "gamebgm/50song"
      }
    ],
    "subtitle" : "subtitle"
 },
"gamebgm.51song" : {
    "sounds" : [
      {
        "name" : "gamebgm/51song"
      }
    ],
    "subtitle" : "subtitle"
  },
"gamebgm.52song" : {
    "sounds" : [
      {
        "name" : "gamebgm/52song"
      }
    ],
    "subtitle" : "subtitle"
  },
"gamebgm.53song" : {
    "sounds" : [
      {
        "name" : "gamebgm/53song"
      }
    ],
    "subtitle" : "subtitle"
  },
"gamebgm.54song" : {
    "sounds" : [
      {
        "name" : "gamebgm/54song"
      }
    ],
    "subtitle" : "subtitle"
  },
"gamebgm.55song" : {
    "sounds" : [
      {
        "name" : "gamebgm/55song"
      }
    ],
    "subtitle" : "subtitle"
  },
"gamebgm.56song" : {
    "sounds" : [
      {
        "name" : "gamebgm/56song"
      }
    ],
    "subtitle" : "subtitle"
  },
"gamebgm.57song" : {
    "sounds" : [
      {
        "name" : "gamebgm/57song"
      }
    ],
    "subtitle" : "subtitle"
  },
"gamebgm.58song" : {
    "sounds" : [
      {
        "name" : "gamebgm/58song"
      }
    ],
    "subtitle" : "subtitle"
  },
"gamebgm.59song" : {
    "sounds" : [
      {
        "name" : "gamebgm/59song"
      }
    ],
    "subtitle" : "subtitle"
  },
"gamebgm.60song" : {
    "sounds" : [
      {
        "name" : "gamebgm/60song"
      }
    ],
    "subtitle" : "subtitle"
  }
}